"workout_id","member_id","workout_type","session_duration_hours","calories_burned","experience_level"
1,1,"Yoga","1.69","1313.0",3
2,2,"HIIT","1.3","883.0",2
3,3,"Cardio","1.11","677.0",2
4,4,"Strength","0.59","532.0",1
5,5,"Strength","0.64","556.0",1
6,6,"HIIT","1.59","1116.0",3
7,7,"Cardio","1.49","1385.0",2
8,8,"Cardio","1.27","895.0",2
9,9,"Strength","1.03","719.0",2
10,10,"Cardio","1.08","808.0",1
11,11,"HIIT","0.82","593.0",1
12,12,"HIIT","1.15","865.0",2
13,13,"Cardio","1.24","1013.0",2
14,14,"HIIT","1.18","794.0",1
15,15,"Yoga","1.35","1195.0",2
16,16,"Strength","1.13","740.0",1
17,17,"HIIT","1.33","1111.0",2
18,18,"Cardio","1.19","884.0",1
19,19,"Strength","1.13","742.0",2
20,20,"HIIT","1.37","1030.0",1
21,21,"Strength","1.5","1048.0",2
22,22,"Cardio","1.12","875.0",1
23,23,"Yoga","1.17","848.0",1
24,24,"Yoga","0.78","721.0",1
25,25,"HIIT","1.25","925.0",2
26,26,"Yoga","1.42","1080.0",2
27,27,"HIIT","0.73","502.0",1
28,28,"Strength","1.48","989.0",2
29,29,"HIIT","1.64","1104.0",3
30,30,"HIIT","1.29","871.0",2
31,31,"HIIT","1.27","964.0",1
32,32,"Yoga","1.03","654.0",2
33,33,"HIIT","1.48","1046.0",1
34,34,"Cardio","1.04","816.0",1
35,35,"HIIT","1.52","1237.0",3
36,36,"Strength","1.32","1162.0",1
37,37,"Cardio","1.26","879.0",2
38,38,"Strength","1.34","1069.0",2
39,39,"Strength","1.3","1072.0",2
40,40,"Strength","1.31","1057.0",2
41,41,"Cardio","1.48","969.0",1
42,42,"Cardio","1.08","734.0",1
43,43,"Yoga","1.45","962.0",2
44,44,"Cardio","1.14","730.0",1
45,45,"HIIT","1.5","1304.0",1
46,46,"Strength","1.2","956.0",1
47,47,"Yoga","0.84","772.0",1
48,48,"Cardio","1.41","1016.0",1
49,49,"Strength","1.23","836.0",1
50,50,"Cardio","1.03","742.0",2
51,51,"Yoga","1.42","1122.0",2
52,52,"Cardio","1.67","1133.0",3
53,53,"Cardio","1.13","750.0",1
54,54,"Strength","1.26","1046.0",1
55,55,"HIIT","0.81","506.0",1
56,56,"Cardio","1.47","1318.0",2
57,57,"Yoga","1.4","1021.0",2
58,58,"Cardio","1.08","832.0",1
59,59,"Cardio","1.67","1150.0",3
60,60,"HIIT","0.56","440.0",1
61,61,"Strength","1.04","580.0",2
62,62,"Yoga","1.08","666.0",2
63,63,"Strength","1.75","1299.0",3
64,64,"Strength","1.23","773.0",2
65,65,"Strength","1.97","1418.0",3
66,66,"Cardio","0.62","421.0",1
67,67,"HIIT","1.99","1587.0",3
68,68,"Cardio","0.89","627.0",1
69,69,"Yoga","1.81","1358.0",3
70,70,"HIIT","1.32","1176.0",2
71,71,"Strength","1.73","1004.0",3
72,72,"HIIT","1.47","963.0",2
73,73,"Yoga","1.07","786.0",2
74,74,"Cardio","1.08","743.0",2
75,75,"Cardio","1.13","777.0",2
76,76,"Strength","1.08","663.0",1
77,77,"Cardio","1.37","875.0",1
78,78,"Cardio","0.63","363.0",1
79,79,"Yoga","1.18","864.0",1
80,80,"HIIT","1.87","1262.0",3
81,81,"Cardio","1.2","990.0",1
82,82,"Yoga","1.78","1129.0",3
83,83,"Yoga","0.86","546.0",1
84,84,"Strength","1.08","751.0",1
85,85,"Yoga","1.13","744.0",2
86,86,"Strength","1.27","1003.0",2
87,87,"Cardio","1.34","1150.0",2
88,88,"Strength","1.45","1103.0",2
89,89,"Yoga","1.09","917.0",2
90,90,"HIIT","0.64","416.0",1
91,91,"HIIT","1.93","1688.0",3
92,92,"Cardio","1.8","1231.0",3
93,93,"Cardio","1.26","936.0",2
94,94,"HIIT","1.26","924.0",1
95,95,"Strength","1.25","1052.0",2
96,96,"Cardio","0.58","441.0",1
97,97,"Yoga","1.29","805.0",1
98,98,"Cardio","1.33","1106.0",1
99,99,"Strength","1.15","735.0",2
100,100,"Cardio","1.97","1625.0",3
101,101,"Yoga","1.16","804.0",2
102,102,"Yoga","1.49","1073.0",2
103,103,"Yoga","1.2","805.0",2
104,104,"Strength","0.54","420.0",1
105,105,"Strength","0.97","667.0",1
106,106,"Yoga","1.79","1369.0",3
107,107,"Yoga","0.51","424.0",1
108,108,"Strength","1.74","1404.0",3
109,109,"Strength","1.39","1020.0",2
110,110,"Strength","1.01","677.0",2
111,111,"HIIT","1.44","979.0",2
112,112,"Strength","1.41","819.0",2
113,113,"Yoga","1.78","1357.0",3
114,114,"HIIT","1.72","1315.0",3
115,115,"Strength","1.01","685.0",2
116,116,"Yoga","0.55","446.0",1
117,117,"Cardio","1.09","888.0",2
118,118,"HIIT","1.69","1357.0",3
119,119,"Yoga","1.41","1303.0",1
120,120,"Cardio","1.02","790.0",2
121,121,"Yoga","1.22","858.0",2
122,122,"Strength","1.29","1071.0",2
123,123,"Strength","1.0","639.0",1
124,124,"Cardio","1.28","824.0",2
125,125,"Strength","1.97","1701.0",3
126,126,"Yoga","1.28","880.0",1
127,127,"Cardio","0.51","408.0",1
128,128,"Yoga","1.98","1479.0",3
129,129,"Yoga","0.66","500.0",1
130,130,"Yoga","1.61","1373.0",3
131,131,"Strength","1.24","870.0",2
132,132,"Strength","0.68","458.0",1
133,133,"Yoga","1.91","1503.0",3
134,134,"HIIT","1.38","1207.0",2
135,135,"Yoga","1.42","837.0",2
136,136,"Yoga","1.17","811.0",1
137,137,"Cardio","1.31","1041.0",2
138,138,"Yoga","0.66","451.0",1
139,139,"Strength","1.24","756.0",1
140,140,"Cardio","1.69","1042.0",3
141,141,"HIIT","0.89","608.0",1
142,142,"Cardio","1.26","1046.0",2
143,143,"HIIT","1.38","854.0",1
144,144,"Cardio","1.42","958.0",2
145,145,"Cardio","0.97","678.0",1
146,146,"HIIT","1.53","1265.0",3
147,147,"Strength","1.28","877.0",2
148,148,"Strength","1.07","885.0",1
149,149,"Strength","0.7","624.0",1
150,150,"Cardio","1.46","1038.0",1
151,151,"Yoga","1.46","1214.0",2
152,152,"Cardio","0.54","499.0",1
153,153,"Yoga","1.95","1150.0",3
154,154,"Yoga","1.32","1082.0",2
155,155,"Strength","0.83","530.0",1
156,156,"Yoga","1.42","886.0",2
157,157,"Cardio","1.23","913.0",2
158,158,"Cardio","0.67","362.0",1
159,159,"Strength","1.3","1201.0",1
160,160,"HIIT","1.02","711.0",1
161,161,"Cardio","1.08","832.0",2
162,162,"Yoga","1.49","1151.0",2
163,163,"Cardio","1.36","1070.0",2
164,164,"Cardio","1.57","1119.0",3
165,165,"Cardio","1.55","1074.0",3
166,166,"HIIT","1.04","837.0",2
167,167,"Yoga","1.58","967.0",3
168,168,"Strength","1.14","844.0",1
169,169,"Cardio","1.27","852.0",1
170,170,"Yoga","0.92","574.0",1
171,171,"Yoga","1.08","813.0",1
172,172,"Strength","1.09","680.0",2
173,173,"Cardio","1.52","1195.0",3
174,174,"HIIT","1.1","644.0",1
175,175,"Yoga","1.46","925.0",1
176,176,"Strength","1.2","778.0",2
177,177,"HIIT","1.58","1095.0",3
178,178,"Yoga","0.68","418.0",1
179,179,"Cardio","1.1","767.0",2
180,180,"Yoga","1.05","772.0",1
181,181,"HIIT","0.83","603.0",1
182,182,"HIIT","1.54","1082.0",3
183,183,"Cardio","1.81","1249.0",3
184,184,"Cardio","1.28","1133.0",1
185,185,"Strength","1.66","1424.0",3
186,186,"Cardio","1.44","1126.0",2
187,187,"Strength","1.87","1337.0",3
188,188,"HIIT","1.2","802.0",2
189,189,"HIIT","1.37","937.0",2
190,190,"Yoga","1.09","707.0",2
191,191,"Yoga","1.1","926.0",2
192,192,"Strength","1.23","852.0",1
193,193,"Cardio","1.23","800.0",1
194,194,"Cardio","1.33","988.0",1
195,195,"Yoga","1.03","686.0",2
196,196,"HIIT","0.56","370.0",1
197,197,"Strength","1.45","979.0",2
198,198,"HIIT","1.71","1138.0",3
199,199,"HIIT","1.18","1025.0",1
200,200,"Cardio","1.26","929.0",2
201,201,"Strength","1.03","663.0",2
202,202,"HIIT","1.84","1267.0",3
203,203,"Yoga","1.49","1177.0",1
204,204,"Yoga","1.08","598.0",2
205,205,"Cardio","1.79","1280.0",3
206,206,"Yoga","1.95","1443.0",3
207,207,"Yoga","1.2","799.0",2
208,208,"HIIT","1.18","796.0",2
209,209,"Yoga","1.37","1071.0",2
210,210,"Yoga","1.71","1241.0",3
211,211,"HIIT","1.47","1147.0",2
212,212,"Cardio","1.08","734.0",1
213,213,"Cardio","1.83","1153.0",3
214,214,"Strength","1.28","1043.0",2
215,215,"Yoga","1.11","842.0",2
216,216,"HIIT","1.24","703.0",1
217,217,"Strength","1.13","887.0",2
218,218,"Cardio","1.28","732.0",1
219,219,"Cardio","1.35","980.0",2
220,220,"HIIT","1.19","1021.0",1
221,221,"Strength","1.21","732.0",2
222,222,"Strength","1.87","1481.0",3
223,223,"HIIT","0.63","410.0",1
224,224,"HIIT","1.57","1111.0",3
225,225,"Strength","1.46","903.0",2
226,226,"Cardio","1.8","1292.0",3
227,227,"Yoga","1.09","680.0",2
228,228,"Cardio","1.0","790.0",2
229,229,"HIIT","1.45","900.0",2
230,230,"Strength","1.87","1169.0",3
231,231,"Strength","1.16","1034.0",2
232,232,"Yoga","1.44","959.0",1
233,233,"Strength","1.29","940.0",2
234,234,"Yoga","1.55","1224.0",3
235,235,"Cardio","1.36","815.0",2
236,236,"Cardio","1.2","820.0",2
237,237,"Strength","1.13","688.0",2
238,238,"Strength","1.6","900.0",3
239,239,"HIIT","0.99","832.0",1
240,240,"HIIT","1.29","1006.0",2
241,241,"Strength","0.82","597.0",1
242,242,"Strength","1.31","1074.0",1
243,243,"Cardio","1.11","699.0",1
244,244,"Strength","1.41","993.0",1
245,245,"HIIT","1.16","919.0",2
246,246,"Cardio","0.77","579.0",1
247,247,"Yoga","1.4","832.0",2
248,248,"HIIT","0.81","506.0",1
249,249,"HIIT","1.09","739.0",1
250,250,"Cardio","0.93","594.0",1
251,251,"Yoga","1.33","1075.0",1
252,252,"HIIT","1.04","744.0",2
253,253,"Strength","1.39","1056.0",2
254,254,"HIIT","1.11","666.0",2
255,255,"Cardio","1.01","660.0",2
256,256,"Cardio","1.31","1012.0",1
257,257,"Cardio","1.69","1163.0",3
258,258,"HIIT","1.33","878.0",2
259,259,"Yoga","1.15","772.0",2
260,260,"Strength","0.52","353.0",1
261,261,"Cardio","1.06","763.0",1
262,262,"Yoga","0.96","632.0",1
263,263,"Strength","1.31","982.0",1
264,264,"Cardio","1.34","880.0",2
265,265,"Strength","1.01","680.0",2
266,266,"Strength","1.36","1010.0",2
267,267,"Yoga","1.07","713.0",2
268,268,"Strength","1.52","1060.0",3
269,269,"Cardio","1.03","803.0",2
270,270,"Yoga","1.63","1182.0",3
271,271,"HIIT","1.4","952.0",1
272,272,"HIIT","1.36","949.0",1
273,273,"Yoga","0.92","662.0",1
274,274,"HIIT","1.12","610.0",2
275,275,"Strength","1.52","964.0",3
276,276,"Cardio","0.81","497.0",1
277,277,"Strength","1.97","1212.0",3
278,278,"Yoga","1.48","1136.0",1
279,279,"Cardio","1.54","962.0",3
280,280,"Yoga","0.8","616.0",1
281,281,"Yoga","1.39","1009.0",1
282,282,"Yoga","1.35","1053.0",2
283,283,"Strength","0.83","598.0",1
284,284,"Cardio","0.63","502.0",1
285,285,"Cardio","1.47","1161.0",1
286,286,"Cardio","1.79","1232.0",3
287,287,"Strength","1.36","1137.0",2
288,288,"HIIT","0.81","593.0",1
289,289,"Strength","1.1","938.0",2
290,290,"Strength","1.37","922.0",2
291,291,"Yoga","0.9","567.0",1
292,292,"Cardio","1.13","923.0",2
293,293,"Cardio","1.42","1054.0",1
294,294,"HIIT","1.41","1047.0",1
295,295,"HIIT","1.4","936.0",2
296,296,"Yoga","1.4","876.0",1
297,297,"Cardio","1.07","792.0",2
298,298,"HIIT","1.48","979.0",2
299,299,"HIIT","0.53","333.0",1
300,300,"Cardio","1.03","729.0",2
301,301,"Strength","0.77","465.0",1
302,302,"HIIT","1.62","1166.0",3
303,303,"Cardio","1.3","987.0",2
304,304,"HIIT","1.94","1474.0",3
305,305,"Yoga","1.46","874.0",2
306,306,"HIIT","1.36","911.0",1
307,307,"Cardio","1.14","796.0",2
308,308,"HIIT","1.85","1181.0",3
309,309,"Yoga","1.43","970.0",2
310,310,"Yoga","1.67","1177.0",3
311,311,"HIIT","1.83","1359.0",3
312,312,"HIIT","1.01","840.0",1
313,313,"Yoga","0.81","585.0",1
314,314,"Yoga","1.4","832.0",2
315,315,"Strength","1.0","684.0",2
316,316,"Strength","1.98","1105.0",3
317,317,"Yoga","1.84","1321.0",3
318,318,"HIIT","1.25","742.0",1
319,319,"Cardio","1.37","1100.0",1
320,320,"HIIT","1.16","694.0",2
321,321,"HIIT","1.3","1022.0",1
322,322,"Strength","1.85","1016.0",3
323,323,"Strength","1.04","863.0",2
324,324,"Strength","1.13","949.0",2
325,325,"Yoga","1.14","764.0",1
326,326,"Yoga","1.03","714.0",2
327,327,"HIIT","1.48","1223.0",2
328,328,"HIIT","1.42","944.0",2
329,329,"Cardio","0.69","407.0",1
330,330,"HIIT","1.42","939.0",2
331,331,"HIIT","1.82","1468.0",3
332,332,"Strength","1.22","903.0",1
333,333,"Strength","0.81","722.0",1
334,334,"Strength","0.96","653.0",1
335,335,"Strength","1.49","1066.0",2
336,336,"Strength","1.35","1123.0",2
337,337,"Cardio","1.2","840.0",2
338,338,"Cardio","1.17","822.0",1
339,339,"Cardio","1.42","1086.0",1
340,340,"Strength","1.44","842.0",2
341,341,"Yoga","1.07","810.0",2
342,342,"Strength","1.7","1096.0",3
343,343,"Strength","0.83","482.0",1
344,344,"Cardio","1.48","1187.0",2
345,345,"Strength","1.43","885.0",2
346,346,"Cardio","1.14","875.0",2
347,347,"Strength","1.31","927.0",2
348,348,"HIIT","1.15","678.0",2
349,349,"Yoga","1.99","1451.0",3
350,350,"Yoga","0.64","500.0",1
351,351,"Cardio","1.41","1029.0",1
352,352,"HIIT","1.49","1100.0",2
353,353,"Yoga","1.13","881.0",2
354,354,"Cardio","0.84","525.0",1
355,355,"Strength","0.67","442.0",1
356,356,"Strength","1.38","949.0",1
357,357,"HIIT","1.56","1318.0",3
358,358,"Yoga","0.64","496.0",1
359,359,"Strength","0.9","792.0",1
360,360,"Cardio","0.57","448.0",1
361,361,"Strength","1.37","888.0",1
362,362,"Strength","0.92","555.0",1
363,363,"Yoga","1.21","877.0",2
364,364,"Yoga","0.7","440.0",1
365,365,"Cardio","1.93","1380.0",3
366,366,"HIIT","0.92","768.0",1
367,367,"HIIT","1.14","886.0",2
368,368,"Strength","1.88","1175.0",3
369,369,"Cardio","1.33","1024.0",2
370,370,"HIIT","1.3","1036.0",2
371,371,"HIIT","1.35","891.0",1
372,372,"Strength","1.42","1289.0",1
373,373,"Cardio","1.19","830.0",2
374,374,"HIIT","1.6","943.0",3
375,375,"Yoga","1.43","1123.0",2
376,376,"Yoga","1.0","715.0",2
377,377,"Strength","1.26","817.0",2
378,378,"Strength","1.37","1103.0",2
379,379,"Strength","1.25","1056.0",1
380,380,"Strength","1.03","806.0",2
381,381,"HIIT","1.86","1160.0",3
382,382,"Cardio","0.93","598.0",1
383,383,"Strength","1.15","882.0",2
384,384,"Strength","0.85","638.0",1
385,385,"HIIT","1.37","1145.0",2
386,386,"Strength","1.22","725.0",1
387,387,"Strength","1.37","845.0",2
388,388,"Cardio","1.5","1200.0",2
389,389,"Yoga","0.73","574.0",1
390,390,"Strength","1.09","767.0",2
391,391,"HIIT","1.31","973.0",2
392,392,"Cardio","1.9","1505.0",3
393,393,"HIIT","1.24","720.0",1
394,394,"Cardio","1.18","707.0",1
395,395,"Cardio","1.38","1192.0",1
396,396,"Strength","1.93","1293.0",3
397,397,"Strength","1.52","1020.0",3
398,398,"Strength","1.23","996.0",2
399,399,"Yoga","1.9","1425.0",3
400,400,"Yoga","1.49","838.0",2
401,401,"HIIT","1.14","626.0",2
402,402,"Strength","1.04","608.0",1
403,403,"Yoga","1.2","724.0",2
404,404,"Strength","0.6","492.0",1
405,405,"Yoga","1.77","1301.0",3
406,406,"Yoga","1.0","639.0",2
407,407,"Cardio","1.48","1278.0",2
408,408,"Strength","1.32","1205.0",1
409,409,"Strength","1.4","1171.0",1
410,410,"Yoga","0.5","422.0",1
411,411,"Strength","1.45","1005.0",1
412,412,"Yoga","0.73","440.0",1
413,413,"Strength","1.59","1198.0",3
414,414,"Cardio","1.28","868.0",2
415,415,"Strength","0.72","634.0",1
416,416,"Cardio","0.88","566.0",1
417,417,"HIIT","1.49","992.0",2
418,418,"Strength","1.25","894.0",2
419,419,"Strength","1.27","883.0",2
420,420,"Strength","1.98","1500.0",3
421,421,"Cardio","1.35","1203.0",2
422,422,"Strength","1.65","1316.0",3
423,423,"Strength","1.84","1159.0",3
424,424,"Yoga","1.28","995.0",1
425,425,"HIIT","1.86","1247.0",3
426,426,"Cardio","0.62","499.0",1
427,427,"Yoga","1.51","927.0",3
428,428,"Cardio","0.69","444.0",1
429,429,"Yoga","1.93","1042.0",3
430,430,"HIIT","1.54","1060.0",3
431,431,"Yoga","1.74","940.0",3
432,432,"Cardio","1.43","1085.0",2
433,433,"Strength","0.94","569.0",1
434,434,"Strength","0.51","393.0",1
435,435,"HIIT","1.06","663.0",2
436,436,"Cardio","1.43","914.0",1
437,437,"Cardio","1.01","700.0",2
438,438,"Cardio","1.39","994.0",1
439,439,"HIIT","1.8","1218.0",3
440,440,"Strength","1.14","739.0",2
441,441,"Yoga","1.98","1396.0",3
442,442,"HIIT","1.04","795.0",1
443,443,"Yoga","1.8","1356.0",3
444,444,"Strength","1.58","948.0",3
445,445,"HIIT","1.22","900.0",2
446,446,"Strength","1.4","1170.0",2
447,447,"Yoga","1.21","952.0",2
448,448,"Cardio","0.66","395.0",1
449,449,"Cardio","1.2","921.0",2
450,450,"Yoga","0.88","491.0",1
451,451,"Cardio","0.69","448.0",1
452,452,"Yoga","0.77","545.0",1
453,453,"HIIT","0.76","627.0",1
454,454,"HIIT","0.85","555.0",1
455,455,"HIIT","1.2","729.0",1
456,456,"Cardio","1.7","1203.0",3
457,457,"Strength","1.35","882.0",2
458,458,"Cardio","1.88","1479.0",3
459,459,"Cardio","1.25","997.0",2
460,460,"Strength","0.88","586.0",1
461,461,"Strength","1.24","753.0",2
462,462,"Strength","1.31","926.0",2
463,463,"Strength","1.13","1025.0",1
464,464,"Cardio","1.47","873.0",2
465,465,"Yoga","1.25","1155.0",1
466,466,"HIIT","1.31","937.0",2
467,467,"Yoga","1.46","1012.0",2
468,468,"Cardio","0.83","740.0",1
469,469,"Strength","1.17","779.0",1
470,470,"HIIT","1.18","920.0",2
471,471,"HIIT","1.41","1055.0",2
472,472,"Yoga","1.31","931.0",1
473,473,"Cardio","1.62","1304.0",3
474,474,"Cardio","0.7","463.0",1
475,475,"Cardio","1.33","886.0",2
476,476,"HIIT","1.82","1622.0",3
477,477,"Yoga","1.09","658.0",1
478,478,"HIIT","0.86","499.0",1
479,479,"HIIT","1.21","964.0",1
480,480,"Strength","0.97","710.0",1
481,481,"Yoga","0.97","699.0",1
482,482,"Strength","1.05","959.0",2
483,483,"Cardio","0.91","725.0",1
484,484,"HIIT","1.34","898.0",2
485,485,"Yoga","1.54","1151.0",3
486,486,"Cardio","1.66","1379.0",3
487,487,"Yoga","1.36","1084.0",2
488,488,"HIIT","0.74","615.0",1
489,489,"Yoga","1.1","718.0",2
490,490,"Cardio","1.07","642.0",2
491,491,"Strength","1.27","920.0",2
492,492,"HIIT","1.41","768.0",1
493,493,"Strength","1.7","1144.0",3
494,494,"HIIT","1.06","711.0",2
495,495,"Cardio","0.84","730.0",1
496,496,"HIIT","0.66","412.0",1
497,497,"Strength","1.29","932.0",2
498,498,"HIIT","1.87","1185.0",3
499,499,"Cardio","1.22","946.0",2
500,500,"HIIT","1.28","881.0",2
501,501,"Strength","1.38","1025.0",1
502,502,"Cardio","1.08","907.0",2
503,503,"Strength","1.3","780.0",2
504,504,"HIIT","0.87","612.0",1
505,505,"Yoga","0.61","382.0",1
506,506,"Strength","1.48","1011.0",2
507,507,"HIIT","1.08","753.0",1
508,508,"Yoga","1.44","1133.0",2
509,509,"Yoga","0.81","731.0",1
510,510,"Cardio","0.97","597.0",1
511,511,"Yoga","1.37","868.0",1
512,512,"Strength","1.96","1725.0",3
513,513,"Strength","1.85","1304.0",3
514,514,"Yoga","1.98","1492.0",3
515,515,"HIIT","1.41","831.0",2
516,516,"Strength","0.85","684.0",1
517,517,"Strength","1.28","933.0",2
518,518,"Cardio","1.38","1199.0",2
519,519,"HIIT","1.66","1169.0",3
520,520,"Yoga","0.93","639.0",1
521,521,"HIIT","1.42","980.0",2
522,522,"Cardio","1.29","1066.0",1
523,523,"Cardio","1.1","913.0",1
524,524,"HIIT","1.37","777.0",2
525,525,"Cardio","1.02","757.0",2
526,526,"Cardio","0.9","558.0",1
527,527,"Cardio","0.52","386.0",1
528,528,"HIIT","1.34","796.0",2
529,529,"Cardio","1.29","1107.0",2
530,530,"Yoga","1.68","1314.0",3
531,531,"Yoga","1.74","1321.0",3
532,532,"Strength","1.37","962.0",2
533,533,"Yoga","0.61","415.0",1
534,534,"Strength","1.15","834.0",2
535,535,"HIIT","1.01","705.0",2
536,536,"Cardio","0.72","453.0",1
537,537,"Yoga","1.77","1332.0",3
538,538,"Strength","1.46","883.0",1
539,539,"HIIT","1.9","1401.0",3
540,540,"Strength","1.45","1204.0",2
541,541,"Cardio","1.27","794.0",2
542,542,"Yoga","1.13","851.0",2
543,543,"HIIT","1.83","1467.0",3
544,544,"Strength","1.1","710.0",2
545,545,"HIIT","1.03","810.0",2
546,546,"Strength","1.48","910.0",1
547,547,"Strength","1.17","1004.0",2
548,548,"Cardio","1.34","907.0",1
549,549,"Cardio","1.37","904.0",2
550,550,"Strength","1.36","969.0",2
551,551,"Yoga","1.25","825.0",2
552,552,"HIIT","1.27","957.0",1
553,553,"HIIT","0.92","592.0",1
554,554,"Cardio","1.17","637.0",2
555,555,"Yoga","1.02","937.0",1
556,556,"Strength","1.4","958.0",1
557,557,"Cardio","0.61","463.0",1
558,558,"Strength","1.91","1345.0",3
559,559,"Strength","1.16","844.0",2
560,560,"Cardio","0.97","672.0",1
561,561,"Yoga","1.08","768.0",1
562,562,"HIIT","1.37","972.0",1
563,563,"Cardio","1.04","686.0",2
564,564,"Yoga","1.42","1143.0",2
565,565,"Strength","0.77","593.0",1
566,566,"Cardio","0.67","472.0",1
567,567,"HIIT","1.29","1071.0",1
568,568,"HIIT","1.32","876.0",2
569,569,"Strength","1.14","878.0",2
570,570,"Cardio","0.54","331.0",1
571,571,"HIIT","1.34","1072.0",1
572,572,"Cardio","1.36","949.0",1
573,573,"HIIT","1.87","1646.0",3
574,574,"Strength","1.45","927.0",1
575,575,"Strength","1.35","842.0",2
576,576,"Cardio","1.26","895.0",2
577,577,"Yoga","1.03","831.0",1
578,578,"Yoga","1.23","886.0",1
579,579,"Strength","1.29","848.0",1
580,580,"HIIT","1.27","1016.0",2
581,581,"Yoga","1.03","644.0",2
582,582,"Strength","1.08","818.0",2
583,583,"HIIT","1.36","957.0",2
584,584,"HIIT","1.47","1111.0",1
585,585,"Yoga","1.56","1186.0",3
586,586,"Strength","1.38","776.0",2
587,587,"HIIT","0.68","525.0",1
588,588,"HIIT","1.83","1510.0",3
589,589,"Cardio","1.01","850.0",2
590,590,"Cardio","1.24","1091.0",2
591,591,"Yoga","1.14","759.0",2
592,592,"Cardio","1.76","1053.0",3
593,593,"Strength","1.41","983.0",2
594,594,"Yoga","0.69","529.0",1
595,595,"Yoga","0.89","656.0",1
596,596,"Cardio","1.83","1150.0",3
597,597,"HIIT","1.25","906.0",1
598,598,"Strength","1.06","822.0",1
599,599,"Strength","1.03","946.0",2
600,600,"Strength","1.46","1022.0",2
601,601,"Yoga","1.14","830.0",2
602,602,"Strength","1.87","1139.0",3
603,603,"HIIT","1.36","826.0",1
604,604,"HIIT","0.84","651.0",1
605,605,"Cardio","0.54","354.0",1
606,606,"Strength","1.78","1322.0",3
607,607,"Yoga","1.03","737.0",2
608,608,"Cardio","0.59","463.0",1
609,609,"HIIT","1.67","1344.0",3
610,610,"Strength","1.81","1398.0",3
611,611,"HIIT","1.73","1408.0",3
612,612,"Cardio","1.71","1171.0",3
613,613,"HIIT","1.25","806.0",1
614,614,"Strength","1.42","1257.0",2
615,615,"Strength","1.06","921.0",2
616,616,"Cardio","1.75","1319.0",3
617,617,"Strength","1.19","714.0",2
618,618,"HIIT","1.29","1009.0",2
619,619,"HIIT","1.4","1078.0",2
620,620,"Yoga","0.55","330.0",1
621,621,"Yoga","1.19","789.0",2
622,622,"Yoga","1.52","1028.0",3
623,623,"HIIT","1.97","1355.0",3
624,624,"HIIT","0.76","441.0",1
625,625,"Cardio","0.89","632.0",1
626,626,"Yoga","0.95","684.0",1
627,627,"HIIT","1.17","806.0",2
628,628,"Cardio","1.67","1240.0",3
629,629,"HIIT","1.12","935.0",1
630,630,"Cardio","1.18","807.0",2
631,631,"Yoga","1.7","1287.0",3
632,632,"Yoga","1.48","1158.0",2
633,633,"Yoga","1.28","743.0",2
634,634,"HIIT","1.3","894.0",2
635,635,"HIIT","1.26","748.0",2
636,636,"Cardio","1.13","746.0",1
637,637,"Strength","1.15","759.0",2
638,638,"Strength","1.38","847.0",2
639,639,"Yoga","1.58","1173.0",3
640,640,"Strength","1.46","1076.0",2
641,641,"Yoga","1.06","881.0",2
642,642,"Cardio","1.41","933.0",1
643,643,"Strength","1.08","810.0",2
644,644,"Strength","0.75","479.0",1
645,645,"Yoga","0.72","661.0",1
646,646,"Cardio","1.28","1050.0",2
647,647,"Strength","1.88","1675.0",3
648,648,"Strength","0.52","350.0",1
649,649,"Strength","1.27","1173.0",2
650,650,"Cardio","1.8","1515.0",3
651,651,"Cardio","0.51","303.0",1
652,652,"Strength","1.47","978.0",2
653,653,"Yoga","1.17","753.0",2
654,654,"Yoga","1.29","948.0",2
655,655,"Strength","1.3","1151.0",1
656,656,"Cardio","1.38","938.0",1
657,657,"Strength","1.1","847.0",2
658,658,"Cardio","1.31","1081.0",2
659,659,"Strength","0.82","502.0",1
660,660,"Cardio","1.1","904.0",2
661,661,"HIIT","1.17","749.0",1
662,662,"Yoga","1.34","856.0",2
663,663,"HIIT","1.13","789.0",1
664,664,"Yoga","1.88","1184.0",3
665,665,"Cardio","0.71","422.0",1
666,666,"HIIT","1.12","937.0",1
667,667,"Yoga","1.5","837.0",1
668,668,"Strength","0.97","606.0",1
669,669,"Cardio","1.72","1410.0",3
670,670,"Cardio","1.6","1320.0",3
671,671,"Strength","1.45","887.0",1
672,672,"Strength","1.38","987.0",2
673,673,"Yoga","1.42","1086.0",2
674,674,"Cardio","1.51","1248.0",3
675,675,"Yoga","1.0","640.0",2
676,676,"Strength","1.32","719.0",1
677,677,"Cardio","1.02","875.0",2
678,678,"Strength","1.27","762.0",2
679,679,"Yoga","1.13","688.0",1
680,680,"Yoga","1.41","983.0",2
681,681,"Yoga","1.48","1172.0",1
682,682,"Cardio","1.38","926.0",2
683,683,"Strength","0.99","634.0",1
684,684,"Strength","1.18","915.0",2
685,685,"Yoga","1.21","859.0",2
686,686,"Yoga","1.17","766.0",2
687,687,"Yoga","1.13","802.0",1
688,688,"Yoga","1.46","1229.0",2
689,689,"HIIT","1.02","826.0",2
690,690,"HIIT","1.37","972.0",2
691,691,"HIIT","1.2","983.0",2
692,692,"Yoga","1.14","796.0",2
693,693,"Yoga","1.98","1225.0",3
694,694,"Strength","1.14","954.0",1
695,695,"Cardio","1.67","909.0",3
696,696,"Strength","1.19","798.0",2
697,697,"HIIT","1.13","752.0",1
698,698,"Strength","1.37","1024.0",1
699,699,"Yoga","1.24","988.0",1
700,700,"HIIT","1.11","674.0",2
701,701,"HIIT","1.14","821.0",2
702,702,"Cardio","1.2","720.0",2
703,703,"Cardio","1.07","679.0",2
704,704,"HIIT","1.37","1144.0",2
705,705,"HIIT","1.42","1188.0",1
706,706,"Strength","0.8","475.0",1
707,707,"HIIT","1.18","870.0",2
708,708,"Yoga","0.85","693.0",1
709,709,"Strength","1.45","1013.0",1
710,710,"Yoga","1.29","749.0",2
711,711,"Yoga","1.34","1216.0",2
712,712,"Yoga","1.8","1116.0",3
713,713,"HIIT","1.9","1766.0",3
714,714,"Cardio","1.35","1025.0",2
715,715,"Cardio","1.29","1060.0",2
716,716,"Yoga","1.0","777.0",2
717,717,"HIIT","1.07","626.0",2
718,718,"Strength","0.54","394.0",1
719,719,"Yoga","1.38","950.0",2
720,720,"Strength","1.71","1188.0",3
721,721,"Strength","1.36","942.0",1
722,722,"HIIT","1.36","1025.0",2
723,723,"HIIT","1.27","966.0",2
724,724,"Cardio","1.36","868.0",1
725,725,"Cardio","1.44","1091.0",1
726,726,"HIIT","0.89","581.0",1
727,727,"Yoga","1.26","929.0",1
728,728,"Cardio","0.58","408.0",1
729,729,"Strength","2.0","1634.0",3
730,730,"Yoga","0.57","423.0",1
731,731,"Strength","1.02","821.0",2
732,732,"HIIT","1.38","849.0",1
733,733,"Strength","1.61","906.0",3
734,734,"Yoga","1.06","775.0",1
735,735,"HIIT","1.41","954.0",2
736,736,"Yoga","1.76","1276.0",3
737,737,"Strength","1.75","1598.0",3
738,738,"Yoga","1.36","1249.0",1
739,739,"HIIT","1.81","1573.0",3
740,740,"Strength","1.06","714.0",2
741,741,"Strength","1.36","938.0",2
742,742,"Cardio","0.97","733.0",1
743,743,"Cardio","0.51","319.0",1
744,744,"Yoga","1.17","952.0",2
745,745,"Cardio","1.41","916.0",2
746,746,"Cardio","1.49","1006.0",2
747,747,"Cardio","1.16","951.0",2
748,748,"Cardio","1.45","1148.0",2
749,749,"HIIT","0.75","537.0",1
750,750,"HIIT","1.49","968.0",2
751,751,"Cardio","1.02","643.0",1
752,752,"Yoga","1.36","986.0",2
753,753,"HIIT","1.32","1024.0",2
754,754,"Cardio","1.52","985.0",3
755,755,"HIIT","0.55","380.0",1
756,756,"Strength","0.63","468.0",1
757,757,"HIIT","0.91","660.0",1
758,758,"HIIT","0.93","741.0",1
759,759,"Yoga","0.79","695.0",1
760,760,"HIIT","1.51","1159.0",3
761,761,"Yoga","1.11","709.0",1
762,762,"Strength","0.93","695.0",1
763,763,"Cardio","1.49","1082.0",2
764,764,"Yoga","1.19","857.0",2
765,765,"HIIT","1.45","877.0",2
766,766,"HIIT","0.84","559.0",1
767,767,"Yoga","1.47","982.0",2
768,768,"Strength","1.46","841.0",1
769,769,"Cardio","0.55","445.0",1
770,770,"HIIT","1.64","1082.0",3
771,771,"Strength","0.76","585.0",1
772,772,"Cardio","1.29","1032.0",2
773,773,"Cardio","1.48","977.0",2
774,774,"HIIT","0.9","668.0",1
775,775,"Yoga","1.79","1378.0",3
776,776,"HIIT","1.08","807.0",1
777,777,"HIIT","1.22","924.0",2
778,778,"HIIT","1.72","1092.0",3
779,779,"Strength","1.03","742.0",2
780,780,"Yoga","1.66","1372.0",3
781,781,"Strength","1.37","829.0",1
782,782,"HIIT","1.48","1046.0",2
783,783,"Yoga","0.89","672.0",1
784,784,"Cardio","1.29","1015.0",2
785,785,"Yoga","1.9","1536.0",3
786,786,"HIIT","1.31","1012.0",1
787,787,"Yoga","1.34","965.0",2
788,788,"Cardio","0.66","436.0",1
789,789,"Cardio","1.47","1294.0",2
790,790,"Yoga","1.01","645.0",2
791,791,"Cardio","1.77","1197.0",3
792,792,"Strength","1.35","1143.0",2
793,793,"Yoga","0.71","504.0",1
794,794,"Cardio","0.79","590.0",1
795,795,"Cardio","0.74","433.0",1
796,796,"Yoga","0.91","666.0",1
797,797,"Strength","0.56","484.0",1
798,798,"Yoga","1.93","1138.0",3
799,799,"Cardio","1.42","1164.0",2
800,800,"Yoga","1.11","747.0",2
801,801,"Cardio","0.6","446.0",1
802,802,"HIIT","1.76","1491.0",3
803,803,"Yoga","1.33","885.0",2
804,804,"Yoga","0.87","566.0",1
805,805,"Cardio","1.41","1241.0",2
806,806,"Cardio","1.19","719.0",2
807,807,"Cardio","0.53","388.0",1
808,808,"Cardio","1.39","1047.0",2
809,809,"Yoga","1.17","732.0",2
810,810,"Cardio","1.08","807.0",1
811,811,"Yoga","1.67","999.0",3
812,812,"Strength","1.62","1363.0",3
813,813,"Yoga","1.38","1148.0",2
814,814,"Cardio","1.13","847.0",2
815,815,"Cardio","1.09","858.0",2
816,816,"Strength","1.26","1116.0",2
817,817,"Yoga","1.42","875.0",2
818,818,"Strength","1.07","717.0",1
819,819,"Yoga","1.33","958.0",2
820,820,"Cardio","1.78","1228.0",3
821,821,"Yoga","1.23","859.0",2
822,822,"Cardio","1.22","888.0",1
823,823,"Cardio","1.19","756.0",2
824,824,"HIIT","0.96","792.0",1
825,825,"HIIT","1.08","659.0",1
826,826,"Yoga","0.74","406.0",1
827,827,"Cardio","1.1","986.0",1
828,828,"Strength","1.12","711.0",2
829,829,"Cardio","1.35","1010.0",2
830,830,"Strength","1.47","1128.0",1
831,831,"Yoga","1.94","1451.0",3
832,832,"Yoga","1.76","1159.0",3
833,833,"Strength","1.63","1043.0",3
834,834,"Strength","1.24","915.0",1
835,835,"Cardio","1.05","662.0",2
836,836,"Yoga","1.69","996.0",3
837,837,"Cardio","1.37","1069.0",2
838,838,"Strength","0.99","673.0",1
839,839,"HIIT","1.21","779.0",1
840,840,"HIIT","1.15","879.0",2
841,841,"HIIT","1.76","1220.0",3
842,842,"Strength","1.22","911.0",2
843,843,"Cardio","1.32","1198.0",2
844,844,"Yoga","0.74","481.0",1
845,845,"Strength","1.0","698.0",2
846,846,"HIIT","1.8","1107.0",3
847,847,"Cardio","1.0","803.0",1
848,848,"Yoga","1.03","756.0",2
849,849,"Yoga","1.99","1582.0",3
850,850,"Strength","0.71","552.0",1
851,851,"Strength","1.34","1001.0",2
852,852,"Yoga","1.34","898.0",1
853,853,"Yoga","1.15","1031.0",2
854,854,"HIIT","1.07","893.0",2
855,855,"Yoga","1.06","876.0",2
856,856,"Strength","1.1","795.0",2
857,857,"Cardio","0.72","454.0",1
858,858,"HIIT","1.77","1107.0",3
859,859,"HIIT","1.04","576.0",2
860,860,"Yoga","0.74","433.0",1
861,861,"Cardio","1.38","911.0",2
862,862,"HIIT","1.35","864.0",2
863,863,"Strength","1.01","621.0",1
864,864,"Yoga","1.7","1102.0",3
865,865,"Strength","1.94","1242.0",3
866,866,"Yoga","1.3","944.0",1
867,867,"HIIT","1.65","1378.0",3
868,868,"Yoga","0.82","594.0",1
869,869,"Cardio","0.77","598.0",1
870,870,"Strength","1.28","927.0",1
871,871,"Cardio","1.87","1234.0",3
872,872,"Strength","1.18","1025.0",2
873,873,"Strength","0.68","500.0",1
874,874,"Yoga","1.03","711.0",2
875,875,"HIIT","1.5","965.0",2
876,876,"HIIT","0.91","691.0",1
877,877,"Cardio","1.59","1336.0",3
878,878,"Yoga","1.88","1117.0",3
879,879,"HIIT","1.07","706.0",2
880,880,"Strength","1.65","1213.0",3
881,881,"Strength","1.49","992.0",2
882,882,"Yoga","1.85","1181.0",3
883,883,"Cardio","1.03","726.0",2
884,884,"Yoga","1.33","878.0",2
885,885,"Cardio","1.03","725.0",1
886,886,"Yoga","1.58","1189.0",3
887,887,"Strength","1.22","811.0",2
888,888,"Yoga","0.77","637.0",1
889,889,"HIIT","0.76","475.0",1
890,890,"HIIT","1.29","951.0",2
891,891,"Yoga","1.09","815.0",2
892,892,"Cardio","1.32","1104.0",2
893,893,"Cardio","1.72","1287.0",3
894,894,"Strength","0.73","470.0",1
895,895,"Strength","1.15","942.0",2
896,896,"Cardio","0.68","494.0",1
897,897,"Yoga","1.83","1519.0",3
898,898,"Strength","1.63","1497.0",3
899,899,"Cardio","1.28","950.0",2
900,900,"Cardio","1.46","883.0",2
901,901,"Yoga","0.66","494.0",1
902,902,"HIIT","1.05","713.0",2
903,903,"Cardio","1.65","1336.0",3
904,904,"Strength","1.38","876.0",2
905,905,"Yoga","0.94","573.0",1
906,906,"Yoga","1.42","921.0",2
907,907,"Yoga","1.88","1307.0",3
908,908,"HIIT","0.96","713.0",1
909,909,"HIIT","0.75","549.0",1
910,910,"Strength","1.32","980.0",2
911,911,"Strength","1.93","1783.0",3
912,912,"Yoga","0.79","634.0",1
913,913,"Strength","0.77","640.0",1
914,914,"Cardio","1.19","895.0",1
915,915,"HIIT","0.72","531.0",1
916,916,"Yoga","1.05","681.0",2
917,917,"Yoga","1.24","914.0",2
918,918,"Cardio","1.26","863.0",2
919,919,"Cardio","1.13","831.0",2
920,920,"Cardio","1.15","816.0",1
921,921,"Cardio","1.56","1027.0",3
922,922,"Yoga","1.31","976.0",2
923,923,"HIIT","1.66","1135.0",3
924,924,"HIIT","1.02","753.0",2
925,925,"Cardio","0.94","693.0",1
926,926,"Strength","1.13","705.0",2
927,927,"Yoga","0.89","656.0",1
928,928,"HIIT","1.31","1044.0",2
929,929,"Cardio","0.95","784.0",1
930,930,"Strength","0.61","479.0",1
931,931,"Strength","1.97","1463.0",3
932,932,"Cardio","1.14","836.0",1
933,933,"Yoga","1.72","1230.0",3
934,934,"HIIT","0.76","557.0",1
935,935,"Strength","1.3","965.0",2
936,936,"HIIT","1.01","727.0",2
937,937,"HIIT","1.04","736.0",2
938,938,"Strength","1.34","1017.0",1
939,939,"Cardio","0.85","514.0",1
940,940,"Strength","0.57","402.0",1
941,941,"Strength","1.18","812.0",1
942,942,"Yoga","1.32","1104.0",2
943,943,"HIIT","1.77","1113.0",3
944,944,"Cardio","1.99","1418.0",3
945,945,"HIIT","1.38","1127.0",2
946,946,"Strength","1.02","718.0",2
947,947,"Cardio","1.05","723.0",2
948,948,"Cardio","1.2","852.0",1
949,949,"Cardio","1.91","1066.0",3
950,950,"Cardio","1.21","862.0",2
951,951,"Yoga","1.39","883.0",2
952,952,"Cardio","1.14","762.0",1
953,953,"Strength","1.2","992.0",2
954,954,"Yoga","1.03","760.0",2
955,955,"Strength","1.96","1445.0",3
956,956,"Strength","1.24","818.0",2
957,957,"HIIT","1.32","838.0",1
958,958,"Cardio","1.83","1005.0",3
959,959,"Cardio","0.81","636.0",1
960,960,"Strength","1.16","764.0",2
961,961,"Cardio","1.17","907.0",1
962,962,"Yoga","1.02","699.0",2
963,963,"HIIT","1.57","1290.0",3
964,964,"Cardio","1.39","1001.0",1
965,965,"Cardio","1.99","1227.0",3
966,966,"Yoga","0.58","354.0",1
967,967,"HIIT","1.87","1327.0",3
968,968,"Yoga","1.12","1035.0",2
969,969,"Strength","1.57","1364.0",3
970,970,"Strength","1.38","1260.0",1
971,971,"Cardio","1.72","929.0",3
972,972,"HIIT","1.1","883.0",2
973,973,"Strength","0.75","542.0",1
